기준_년_코드,기준_분기_코드,상권_구분_코드_명,상권_코드,상권_코드_명,시간대6_생활인구_비율,주간_생활인구_수,야간_생활인구_수,주중_생활인구_수,주말_생활인구_수
2020,1,골목상권,2110949,한남IC,0.111717768822221,196672,120123,295938,100588
2020,1,골목상권,2110951,신사은행나무공원,0.11843803102701161,277140,175220,441706,140306
2020,1,골목상권,2110952,논현목련공원,0.12190655441666455,103633,61582,169979,65926
2020,1,골목상권,2110954,국기원,0.12281045836286027,261652,227240,394684,145782
2020,1,골목상권,2110955,논현초등학교,0.1209513667471692,1307595,782959,2064975,774685
2020,1,골목상권,2110957,언북중학교,0.0925398423495322,537949,253025,776001,201352
2020,1,골목상권,2110958,역삼역 4번,0.08389880721824536,279645,126219,390291,87331
2020,1,골목상권,2110959,신구중학교,0.09672160840427459,66333,34881,92360,29100
2020,1,골목상권,2110960,은광여고,0.1107692820756526,57924,31600,89242,30702
2020,1,골목상권,2110961,언주역 3번,0.10241680303419344,411636,217186,600235,182578
2020,1,골목상권,2110963,역삼월드메르디앙아파트,0.12367028800995869,189016,109993,311923,112230
2020,1,골목상권,2110965,언주역 6번,0.10670250744681643,415888,220597,612107,192936
2020,1,골목상권,2110966,논현2동주민센터,0.10535834566690647,1161015,655845,1706493,475897
2020,1,골목상권,2110967,역삼역 8번,0.1057663776841322,339170,176264,503016,147425
2020,1,골목상권,2110971,선정릉역 4번,0.10625925709675997,418940,213232,636943,202278
2020,1,골목상권,2110972,강남세브란스병원미래의학연구센터,0.11918968951582762,103374,56420,165978,61442
2020,1,골목상권,2110974,언주중학교,0.11686428858864321,342871,196494,534568,191060
2020,1,골목상권,2110975,매봉역 1번,0.11136047051540009,142749,84834,205891,78395
2020,1,골목상권,2110976,언북초등학교,0.11429537510664817,380090,216222,562158,200866
2020,1,골목상권,2110977,논현로18길,0.11776673727844918,62771,36360,97626,33607
2020,1,골목상권,2110980,개포지구대옆,0.12354311258973143,293994,180335,470970,167462
2020,1,골목상권,2110981,국악고교사거리,0.12027053575004816,235164,141135,378004,146289
2020,1,골목상권,2110983,국립국악고등학교,0.12876368699442306,234652,151772,382482,146120
2020,1,골목상권,2110984,포이초등학교(개포목련어린이공원),0.11032903276642157,420809,216803,694472,270050
2020,1,골목상권,2110985,청담근린공원,0.11165217828407702,159660,88717,235184,83119
2020,1,골목상권,2110988,청담역 3번,0.11174957118353344,103356,57914,143316,54905
2020,1,골목상권,2110989,대치동아우편취급국,0.10455734001121758,320974,178321,481125,151810
2020,1,골목상권,2110992,도곡초등학교,0.13098489936790694,787794,540251,1297534,550134
2020,1,골목상권,2110994,개포고등학교,0.1278909501653432,238518,151515,417862,169098
2020,1,골목상권,2110995,봉은사역 4번,0.12410624541093107,258724,154090,407235,153883
2020,1,골목상권,2110996,대치2동주민센터,0.11911295979522268,352395,222063,535249,196080
2020,1,골목상권,2110997,대청초등학교,0.13835249645613482,1074947,723627,1941171,757153
2020,1,골목상권,2110999,윗방죽마을공원,0.12484902201020133,51359,32195,80797,34288
2020,1,골목상권,2111000,대왕초등학교(세곡동사거리서남측),0.08447751312325615,38038,21861,45961,17479
2020,1,골목상권,2111002,한국교통안전공단 강남자동차검사소,0.0,147,63,54,156
2020,1,발달상권,2120185,논현역,0.10973960122004683,1613398,926230,2385445,709846
2020,1,발달상권,2120186,가로수길,0.10860426333810129,1132024,731607,1647442,552667
2020,1,발달상권,2120187,신논현역,0.11094548320391845,1790319,1140366,2635940,858507
2020,1,발달상권,2120188,압구정역,0.08647031235450943,1025406,545525,1361087,389456
2020,1,발달상권,2120190,강남을지병원,0.0937669786235756,934671,479300,1313015,354521
2020,1,발달상권,2120191,학동역,0.0977158145694172,963557,488935,1379755,397857
2020,1,발달상권,2120192,뱅뱅사거리,0.096418323227659,1141722,556262,1629007,402362
2020,1,발달상권,2120193,도산공원교차로,0.08660198517446052,400813,194364,546824,132815
2020,1,발달상권,2120194,언주역(차병원),0.09746435437156668,980280,492315,1388600,385743
2020,1,발달상권,2120195,성수대교남단,0.10325131767973056,568493,335250,792640,248014
2020,1,발달상권,2120196,서울세관,0.09794131809319324,419311,215678,602799,157302
2020,1,발달상권,2120197,역삼역,0.08498090878725142,2259899,1024680,3151788,626390
2020,1,발달상권,2120198,구역삼세무서,0.10566848719130355,1176123,624573,1748182,515086
2020,1,발달상권,2120199,경복아파트교차로,0.10114861829862566,282905,146673,407262,122589
2020,1,발달상권,2120200,학동사거리,0.09978056389546862,665612,374535,911361,281696
2020,1,발달상권,2120201,도곡1동,0.10584701089065109,519756,285483,743393,248923
2020,1,발달상권,2120202,압구정로데오역(압구정로데오),0.10182795867087882,1271872,742105,1752726,549184
2020,1,발달상권,2120203,강남구청역,0.10457832075581419,1168496,666733,1694840,489085
2020,1,발달상권,2120204,르네상스호텔사거리,0.08579990723436015,792659,354660,1090722,233044
2020,1,발달상권,2120205,매봉역,0.10180118660151297,308412,167748,439280,124518
2020,1,발달상권,2120206,개나리아파트,0.10036255400925237,673701,328625,962675,294515
2020,1,발달상권,2120207,선정릉역,0.1067685221847508,900190,493351,1338466,419318
2020,1,발달상권,2120208,청담사거리(청담동명품거리),0.10446984332078671,846913,457862,1193491,391530
2020,1,발달상권,2120209,"강남구청(청담역_8번, 강남세무서)",0.09105436575897476,355916,181113,484846,152192
2020,1,발달상권,2120210,선릉역,0.09325151244884387,2752141,1379129,3891361,948969
2020,1,발달상권,2120211,도성초등학교,0.10118777611516938,472199,281873,636507,234280
2020,1,발달상권,2120212,한티역,0.11937340872106376,606724,411891,872444,355341
2020,1,발달상권,2120213,삼성중앙역,0.10131820095359217,956614,494172,1400392,407300
2020,1,발달상권,2120214,영동대교남단교차로,0.09108484996471135,173965,88588,234201,64761
2020,1,발달상권,2120215,포스코사거리,0.0850468262804237,1815057,806432,2513686,550084
2020,1,발달상권,2120216,경기고교사거리(경기고교앞사거리),0.09201400778920743,128868,67331,170709,48314
2020,1,발달상권,2120217,대치사거리,0.10312273004194297,717115,398120,1035391,330275
2020,1,발달상권,2120218,코엑스,0.05862305635102833,27692,12133,32902,9353
2020,1,발달상권,2120219,은마아파트,0.1123501229689016,456941,310114,632676,267142
2020,1,발달상권,2120220,대치역,0.10498041937069985,294787,193029,412263,161265
2020,1,발달상권,2120221,봉은사역,0.09010117533454878,326733,159015,445879,109197
2020,1,발달상권,2120222,삼성역,0.06464291913703604,762879,307015,970418,176002
2020,1,발달상권,2120223,휘문고교사거리,0.07201095818928968,137242,57520,176233,38400
2020,1,발달상권,2120224,수서역,0.10345379277243365,105418,56808,153721,46289
2020,1,전통시장,2130303,영동전통시장,0.13549329402898475,212486,157645,341009,108816
2020,1,전통시장,2130310,강남개포시장,0.0810680517541677,113823,63177,137955,54958
2020,1,관광특구,1001496,강남 마이스 관광특구,0.05985973091236249,64463,27770,77965,19847
2020,2,골목상권,2110949,한남IC,0.11266141387612169,197315,123682,298906,103164
2020,2,골목상권,2110951,신사은행나무공원,0.11856652884392219,277246,174311,439724,141940
2020,2,골목상권,2110952,논현목련공원,0.1213818134150438,108222,63866,175009,69103
2020,2,골목상권,2110954,국기원,0.114376252701356,222740,177493,326403,120131
2020,2,골목상권,2110955,논현초등학교,0.11944552655977413,1263470,742867,1982375,733497
2020,2,골목상권,2110957,언북중학교,0.09190958548171003,548738,257202,783612,201631
2020,2,골목상권,2110958,역삼역 4번,0.08502836430995021,262652,119892,363271,85887
2020,2,골목상권,2110959,신구중학교,0.09634835609941925,69988,37152,99113,29515
2020,2,골목상권,2110960,은광여고,0.11183682306561178,53053,28537,82189,28661
2020,2,골목상권,2110961,언주역 3번,0.1007530793121342,415291,219511,597842,176843
2020,2,골목상권,2110963,역삼월드메르디앙아파트,0.12362589302178241,186710,108983,311132,111870
2020,2,골목상권,2110965,언주역 6번,0.10508827749852741,439662,227754,639712,197251
2020,2,골목상권,2110966,논현2동주민센터,0.10248507735412352,923697,506917,1344416,379474
2020,2,골목상권,2110967,역삼역 8번,0.10378952675262111,340275,171490,499651,143015
2020,2,골목상권,2110971,선정릉역 4번,0.10823604725600884,428530,221711,648887,210263
2020,2,골목상권,2110972,강남세브란스병원미래의학연구센터,0.1194551533627931,104902,57126,168612,61986
2020,2,골목상권,2110974,언주중학교,0.11661699474209022,341670,193863,529745,190313
2020,2,골목상권,2110975,매봉역 1번,0.11190483749775111,141844,85567,204779,78696
2020,2,골목상권,2110976,언북초등학교,0.11617632755666728,393919,227915,590939,211022
2020,2,골목상권,2110977,논현로18길,0.11943816125501641,65289,38550,102160,34890
2020,2,골목상권,2110980,개포지구대옆,0.12117618393150158,240644,144446,389801,135525
2020,2,골목상권,2110981,국악고교사거리,0.1215748641916195,236950,145867,380385,145907
2020,2,골목상권,2110983,국립국악고등학교,0.12838589026122818,184022,118023,309782,117471
2020,2,골목상권,2110984,포이초등학교(개포목련어린이공원),0.11034084221573998,406374,212363,678042,263335
2020,2,골목상권,2110985,청담근린공원,0.11253772891481476,158417,87667,236666,83050
2020,2,골목상권,2110988,청담역 3번,0.11160989989049712,101176,56049,138735,53954
2020,2,골목상권,2110989,대치동아우편취급국,0.10748076496579491,292537,165962,443465,142702
2020,2,골목상권,2110992,도곡초등학교,0.13195700849392508,763859,566649,1255474,559118
2020,2,골목상권,2110994,개포고등학교,0.12694531191608147,261122,160201,442781,172670
2020,2,골목상권,2110995,봉은사역 4번,0.12920025706855273,274476,169520,428241,172379
2020,2,골목상권,2110996,대치2동주민센터,0.12193289359706698,347009,231784,534856,205132
2020,2,골목상권,2110997,대청초등학교,0.13786436212445513,1081689,712423,1938396,744305
2020,2,골목상권,2110999,윗방죽마을공원,0.1222112332673996,40063,24887,60117,26840
2020,2,골목상권,2111000,대왕초등학교(세곡동사거리서남측),0.08410884484947843,37118,21510,45002,17214
2020,2,골목상권,2111002,한국교통안전공단 강남자동차검사소,0.0,264,90,150,204
2020,2,발달상권,2120185,논현역,0.11120347758680514,1567876,910128,2322453,706544
2020,2,발달상권,2120186,가로수길,0.11087949929719224,1164070,770781,1698099,580620
2020,2,발달상권,2120187,신논현역,0.11044741236211594,1671454,1052256,2451577,808771
2020,2,발달상권,2120188,압구정역,0.08763096438202396,962897,522023,1289111,371454
2020,2,발달상권,2120190,강남을지병원,0.0933688729203838,822249,419289,1157772,314013
2020,2,발달상권,2120191,학동역,0.09623744867269085,985764,496714,1397787,393658
2020,2,발달상권,2120192,뱅뱅사거리,0.09546623871417699,1007239,484088,1431111,359741
2020,2,발달상권,2120193,도산공원교차로,0.08721749230298738,368598,180480,503772,127319
2020,2,발달상권,2120194,언주역(차병원),0.09645680846876069,967685,479724,1362567,375016
2020,2,발달상권,2120195,성수대교남단,0.10529344017915693,557532,339237,781249,251144
2020,2,발달상권,2120196,서울세관,0.09544555671245072,437188,217420,622742,159044
2020,2,발달상권,2120197,역삼역,0.08197689851900115,2127982,931734,2924010,598273
2020,2,발달상권,2120198,구역삼세무서,0.1056452773857892,1133620,597741,1679889,501299
2020,2,발달상권,2120199,경복아파트교차로,0.1010786684024549,290130,149403,412339,125362
2020,2,발달상권,2120200,학동사거리,0.10178816138390076,738717,415714,1018717,329819
2020,2,발달상권,2120201,도곡1동,0.10726109329613265,529153,292318,763032,257021
2020,2,발달상권,2120202,압구정로데오역(압구정로데오),0.10365543967550493,1258562,750429,1730477,569219
2020,2,발달상권,2120203,강남구청역,0.10324270790402265,1032773,579774,1494379,432158
2020,2,발달상권,2120204,르네상스호텔사거리,0.08697387333282901,773021,341910,1058209,237248
2020,2,발달상권,2120205,매봉역,0.10302847924330753,304077,167886,435604,125997
2020,2,발달상권,2120206,개나리아파트,0.10495543407278628,714794,357498,1046667,326915
2020,2,발달상권,2120207,선정릉역,0.10721407985514046,927717,507816,1381468,438778
2020,2,발달상권,2120208,청담사거리(청담동명품거리),0.10678314466056683,862405,474535,1222255,408611
2020,2,발달상권,2120209,"강남구청(청담역_8번, 강남세무서)",0.09421404895565734,335144,172503,463874,147658
2020,2,발달상권,2120210,선릉역,0.09273061062589925,2908193,1458858,4082582,1045305
2020,2,발달상권,2120211,도성초등학교,0.1018488738146058,441369,271463,592275,228546
2020,2,발달상권,2120212,한티역,0.11917726985491235,580371,402953,828756,353357
2020,2,발달상권,2120213,삼성중앙역,0.10010633168803643,897528,456589,1301317,374573
2020,2,발달상권,2120214,영동대교남단교차로,0.09058134457360005,161271,80707,216521,60580
2020,2,발달상권,2120215,포스코사거리,0.08604885914698057,1825455,807440,2525043,575710
2020,2,발달상권,2120216,경기고교사거리(경기고교앞사거리),0.08785026835535419,118769,59965,154055,43257
2020,2,발달상권,2120217,대치사거리,0.10460859204312196,682205,390028,990449,326374
2020,2,발달상권,2120218,코엑스,0.05540032513716724,26181,10849,31063,8308
2020,2,발달상권,2120219,은마아파트,0.11688440919687254,501290,368344,715433,319657
2020,2,발달상권,2120220,대치역,0.1093855927623861,254455,175071,360513,148385
2020,2,발달상권,2120221,봉은사역,0.09249474911561448,293283,142522,404431,100723
2020,2,발달상권,2120222,삼성역,0.06487577789183294,661895,265575,848022,149547
2020,2,발달상권,2120223,휘문고교사거리,0.07198242835980997,124771,52140,161207,34560
2020,2,발달상권,2120224,수서역,0.10310545651706506,113039,60022,165031,48915
2020,2,전통시장,2130303,영동전통시장,0.13715112332974544,203123,151473,328789,108794
2020,2,전통시장,2130310,강남개포시장,0.08276991983658792,110058,62946,134904,53087
2020,2,관광특구,1001496,강남 마이스 관광특구,0.05699991164516699,60381,24842,72950,17593
2020,3,골목상권,2110949,한남IC,0.10857603827644718,180763,110165,268759,90730
2020,3,골목상권,2110951,신사은행나무공원,0.11728146596715765,279724,174339,441215,145100
2020,3,골목상권,2110952,논현목련공원,0.1240175591982093,96471,58910,156446,62014
2020,3,골목상권,2110954,국기원,0.11276681177062951,234712,186157,343866,126832
2020,3,골목상권,2110955,논현초등학교,0.1192555582516104,1325308,779359,2062289,760766
2020,3,골목상권,2110957,언북중학교,0.09298041076821117,523769,248025,749550,196529
2020,3,골목상권,2110958,역삼역 4번,0.08667581251944673,245161,113035,341529,82707
2020,3,골목상권,2110959,신구중학교,0.09348220607264056,68000,36133,94635,28243
2020,3,골목상권,2110960,은광여고,0.10925592545262902,51836,27276,79269,27935
2020,3,골목상권,2110961,언주역 3번,0.10340658618609291,443580,238058,641241,195814
2020,3,골목상권,2110963,역삼월드메르디앙아파트,0.12320272909535107,188797,110256,312304,112160
2020,3,골목상권,2110965,언주역 6번,0.10597857940857733,436783,229077,636098,199922
2020,3,골목상권,2110966,논현2동주민센터,0.10156346249400791,923579,504436,1335831,376844
2020,3,골목상권,2110967,역삼역 8번,0.10633010683526034,335492,173584,492880,144551
2020,3,골목상권,2110971,선정릉역 4번,0.10972166150935082,441081,230873,671674,222528
2020,3,골목상권,2110972,강남세브란스병원미래의학연구센터,0.11959966638865721,104093,56702,166849,60961
2020,3,골목상권,2110974,언주중학교,0.1157963581751311,355217,202153,545578,197510
2020,3,골목상권,2110975,매봉역 1번,0.10986304829792608,143564,85459,206086,78981
2020,3,골목상권,2110976,언북초등학교,0.1092891737137275,434157,240599,631853,217790
2020,3,골목상권,2110977,논현로18길,0.11857901184156798,64704,37973,100293,34402
2020,3,골목상권,2110980,개포지구대옆,0.12034431702603256,240207,142162,386283,135795
2020,3,골목상권,2110981,국악고교사거리,0.12224287853766104,234634,145106,375168,144984
2020,3,골목상권,2110982,강남구보훈회관,0.11883431775872767,99794,58960,153443,64114
2020,3,골목상권,2110983,국립국악고등학교,0.12698666031443545,181325,114661,304335,115466
2020,3,골목상권,2110984,포이초등학교(개포목련어린이공원),0.11073308417282716,409938,216695,683235,265548
2020,3,골목상권,2110985,청담근린공원,0.11440292437331413,152778,86187,229219,81821
2020,3,골목상권,2110988,청담역 3번,0.11124519315859761,97521,53741,133863,52592
2020,3,골목상권,2110989,대치동아우편취급국,0.10477540943947816,348143,194083,520065,166118
2020,3,골목상권,2110992,도곡초등학교,0.1306932336805952,809215,591150,1315296,576071
2020,3,골목상권,2110994,개포고등학교,0.12510090482041372,265255,160315,445409,171511
2020,3,골목상권,2110995,봉은사역 4번,0.12953080086675806,254897,157755,403571,161756
2020,3,골목상권,2110996,대치2동주민센터,0.12287067216038373,349760,233937,542054,205954
2020,3,골목상권,2110997,대청초등학교,0.13798939848599168,1061792,698728,1882073,722273
2020,3,골목상권,2110999,윗방죽마을공원,0.12058137448411986,39721,24147,58524,25070
2020,3,골목상권,2111000,대왕초등학교(세곡동사거리서남측),0.08471339790993994,34489,19802,41860,15745
2020,3,골목상권,2111002,한국교통안전공단 강남자동차검사소,0.0,114,60,42,132
2020,3,발달상권,2120185,논현역,0.1097147437428229,1500578,860684,2217523,671881
2020,3,발달상권,2120186,가로수길,0.10780003279109288,1133031,729638,1638532,551083
2020,3,발달상권,2120187,신논현역,0.10890309075809312,1608096,999504,2358802,782726
2020,3,발달상권,2120188,압구정역,0.08624381948162378,961024,512691,1280133,371024
2020,3,발달상권,2120190,강남을지병원,0.09377555037929483,790620,404839,1115570,309310
2020,3,발달상권,2120191,학동역,0.09839311902968806,1032419,524728,1473257,418917
2020,3,발달상권,2120192,뱅뱅사거리,0.09605724175777787,956288,459379,1360866,344744
2020,3,발달상권,2120193,도산공원교차로,0.08758295234380996,370859,182948,507403,131065
2020,3,발달상권,2120194,언주역(차병원),0.09699582991911827,928662,461728,1308135,362577
2020,3,발달상권,2120195,성수대교남단,0.10103715162503829,546274,323643,752481,243033
2020,3,발달상권,2120196,서울세관,0.0977268488067306,450108,226443,644048,170856
2020,3,발달상권,2120197,역삼역,0.08410564097069695,2102133,935690,2896291,613106
2020,3,발달상권,2120198,구역삼세무서,0.10496108004479415,1136626,595839,1678849,503579
2020,3,발달상권,2120199,경복아파트교차로,0.09981108493139149,283330,145026,401440,121016
2020,3,발달상권,2120200,학동사거리,0.10047719428293451,709656,397801,981150,313922
2020,3,발달상권,2120201,도곡1동,0.10550897257365213,531454,288342,762910,249618
2020,3,발달상권,2120202,압구정로데오역(압구정로데오),0.10143266215584569,1213282,716570,1655518,548073
2020,3,발달상권,2120203,강남구청역,0.10181566180128299,1040876,573753,1501741,426096
2020,3,발달상권,2120204,르네상스호텔사거리,0.0862816192112985,792626,348390,1086721,239331
2020,3,발달상권,2120205,매봉역,0.10007582601376477,301296,162004,427961,123301
2020,3,발달상권,2120206,개나리아파트,0.10615369961974401,707068,356051,1038669,326204
2020,3,발달상권,2120207,선정릉역,0.10712592098214678,929706,507281,1374911,447056
2020,3,발달상권,2120208,청담사거리(청담동명품거리),0.10660885176714263,851577,470848,1210569,405853
2020,3,발달상권,2120209,"강남구청(청담역_8번, 강남세무서)",0.09513481293639131,317499,165907,439684,140786
2020,3,발달상권,2120210,선릉역,0.09222022617469285,2803301,1378040,3923397,1023045
2020,3,발달상권,2120211,도성초등학교,0.10017902689550774,469448,283812,627782,240244
2020,3,발달상권,2120212,한티역,0.11746709066193198,574010,390921,813110,340361
2020,3,발달상권,2120213,삼성중앙역,0.10155013001510044,899556,461161,1304813,386529
2020,3,발달상권,2120214,영동대교남단교차로,0.08936124022593263,150736,73722,201731,56224
2020,3,발달상권,2120215,포스코사거리,0.08794246130381567,1803405,797119,2512449,591410
2020,3,발달상권,2120216,경기고교사거리(경기고교앞사거리),0.08560842645890687,111849,54761,143878,39923
2020,3,발달상권,2120217,대치사거리,0.10428116135312165,629588,361553,906173,304035
2020,3,발달상권,2120218,코엑스,0.05932127306190241,29350,12386,34832,9722
2020,3,발달상권,2120219,은마아파트,0.11594728991922922,529201,380558,757338,330802
2020,3,발달상권,2120220,대치역,0.10904284235832302,249294,168682,353484,143176
2020,3,발달상권,2120221,봉은사역,0.09268669515730091,243610,113511,334244,89051
2020,3,발달상권,2120222,삼성역,0.06584979851951034,622250,248329,797395,146618
2020,3,발달상권,2120223,휘문고교사거리,0.06944866285930522,129436,51906,166015,34822
2020,3,발달상권,2120224,수서역,0.10323680367398114,112563,59521,164166,48791
2020,3,전통시장,2130303,영동전통시장,0.13202869801456693,190494,137203,303954,99838
2020,3,전통시장,2130310,강남개포시장,0.08142651779634454,109242,61085,133585,51454
2020,3,관광특구,1001496,강남 마이스 관광특구,0.0600438246196064,64531,26953,77788,19876
2020,4,골목상권,2110949,한남IC,0.10642992875579517,164064,96893,241280,81837
2020,4,골목상권,2110951,신사은행나무공원,0.11657042468944231,280162,172949,439720,145437
2020,4,골목상권,2110952,논현목련공원,0.12397251439359294,74167,44808,121459,49105
2020,4,골목상권,2110954,국기원,0.10621441756898577,203870,153475,290699,108550
2020,4,골목상권,2110955,논현초등학교,0.12030391762145393,1295234,766833,2011534,755398
2020,4,골목상권,2110957,언북중학교,0.09361585422711739,501501,236173,718759,192799
2020,4,골목상권,2110958,역삼역 4번,0.0843965744998252,217856,97442,300528,74190
2020,4,골목상권,2110959,신구중학교,0.0926112772891647,61589,32338,85723,26272
2020,4,골목상권,2110960,은광여고,0.11139630390143737,49525,26212,76253,26993
2020,4,골목상권,2110961,언주역 3번,0.10533158531226508,432421,235558,630013,196063
2020,4,골목상권,2110963,역삼월드메르디앙아파트,0.12405449955342122,184920,109634,303323,109819
2020,4,골목상권,2110965,언주역 6번,0.10674300069702602,432149,226236,625229,201137
2020,4,골목상권,2110966,논현2동주민센터,0.10055760510749136,904832,486771,1305195,374845
2020,4,골목상권,2110967,역삼역 8번,0.10531013013457247,323034,163897,473711,139193
2020,4,골목상권,2110971,선정릉역 4번,0.11126273828859513,432623,229314,658724,223557
2020,4,골목상권,2110972,강남세브란스병원미래의학연구센터,0.11795808887880457,115010,61144,181741,65066
2020,4,골목상권,2110974,언주중학교,0.11880805897708567,325245,186518,508542,188271
2020,4,골목상권,2110975,매봉역 1번,0.10864923071307331,138379,81167,198018,75936
2020,4,골목상권,2110976,언북초등학교,0.11064535837165182,395274,221424,574006,203469
2020,4,골목상권,2110977,논현로18길,0.11466581398675542,60061,35050,89420,29423
2020,4,골목상권,2110980,개포지구대옆,0.1234672363333107,258185,158573,422304,152068
2020,4,골목상권,2110981,국악고교사거리,0.1287555134248378,211489,142066,335829,126224
2020,4,골목상권,2110982,강남구보훈회관,0.1200979331111079,94960,56426,147300,60598
2020,4,골목상권,2110983,국립국악고등학교,0.12794632360500824,193107,123658,321698,125726
2020,4,골목상권,2110984,포이초등학교(개포목련어린이공원),0.11169749109376184,407513,216799,681187,268709
2020,4,골목상권,2110985,청담근린공원,0.11180514396646875,141006,78859,206554,75215
2020,4,골목상권,2110988,청담역 3번,0.11187995794705151,107092,58529,149400,59859
2020,4,골목상권,2110989,대치동아우편취급국,0.10369195592130466,341752,186555,507784,163108
2020,4,골목상권,2110992,도곡초등학교,0.13149037105195768,777639,571911,1274599,568593
2020,4,골목상권,2110994,개포고등학교,0.12448100656536161,257411,153032,430351,163828
2020,4,골목상권,2110995,봉은사역 4번,0.12804058206359198,246178,153202,383872,153115
2020,4,골목상권,2110996,대치2동주민센터,0.12446864129714959,330041,228144,514461,202804
2020,4,골목상권,2110997,대청초등학교,0.1373850324471733,1108621,741815,1963825,759988
2020,4,골목상권,2110999,윗방죽마을공원,0.12141215945147525,39289,24121,57587,24669
2020,4,골목상권,2111000,대왕초등학교(세곡동사거리서남측),0.08433824485776399,32455,18723,39671,14147
2020,4,골목상권,2111002,한국교통안전공단 강남자동차검사소,0.0,357,75,222,210
2020,4,발달상권,2120185,논현역,0.10858556949943281,1402855,805271,2057637,632829
2020,4,발달상권,2120186,가로수길,0.10460021517661351,1108120,688791,1581593,534806
2020,4,발달상권,2120187,신논현역,0.10598108543330623,1539415,932254,2228273,742558
2020,4,발달상권,2120188,압구정역,0.08556074492894737,933561,491872,1237070,369206
2020,4,발달상권,2120190,강남을지병원,0.09337277500578717,770432,392584,1081908,304784
2020,4,발달상권,2120191,학동역,0.09769347699711442,990324,498361,1403937,400552
2020,4,발달상권,2120192,뱅뱅사거리,0.098992237458144,959209,474368,1376164,363731
2020,4,발달상권,2120193,도산공원교차로,0.08489161500601912,357458,172802,483267,127286
2020,4,발달상권,2120194,언주역(차병원),0.09779610173210802,911396,455747,1283946,374842
2020,4,발달상권,2120195,성수대교남단,0.09754597506073082,518406,300954,706292,233509
2020,4,발달상권,2120196,서울세관,0.09802818285686205,447044,226228,639379,174591
2020,4,발달상권,2120197,역삼역,0.08385634221974289,1936329,857113,2670485,563367
2020,4,발달상권,2120198,구역삼세무서,0.10561771428024978,1083949,571178,1608044,483377
2020,4,발달상권,2120199,경복아파트교차로,0.1013021630470121,284820,146190,402535,123436
2020,4,발달상권,2120200,학동사거리,0.09428414021668531,650352,354182,873990,282254
2020,4,발달상권,2120201,도곡1동,0.10481465659993376,550509,295114,784743,256972
2020,4,발달상권,2120202,압구정로데오역(압구정로데오),0.09743598896763188,1182170,682632,1591777,537232
2020,4,발달상권,2120203,강남구청역,0.10114955908400212,1025445,560376,1481112,426056
2020,4,발달상권,2120204,르네상스호텔사거리,0.08670999485594309,766955,338153,1050485,236436
2020,4,발달상권,2120205,매봉역,0.09796213168772021,294577,156471,414243,120187
2020,4,발달상권,2120206,개나리아파트,0.10629893459807431,616499,318646,902232,287366
2020,4,발달상권,2120207,선정릉역,0.10731142690304131,884722,482714,1307573,425495
2020,4,발달상권,2120208,청담사거리(청담동명품거리),0.10488584276264486,837364,460507,1182156,404122
2020,4,발달상권,2120209,"강남구청(청담역_8번, 강남세무서)",0.09702300749968222,319940,168640,446214,143813
2020,4,발달상권,2120210,선릉역,0.09163110705555029,2780047,1367579,3882544,1033615
2020,4,발달상권,2120211,도성초등학교,0.09872177324582813,449968,270998,599258,230407
2020,4,발달상권,2120212,한티역,0.11767049982921553,555819,381522,790396,333828
2020,4,발달상권,2120213,삼성중앙역,0.10193456402023036,875227,450128,1271949,374882
2020,4,발달상권,2120214,영동대교남단교차로,0.085953986752457,135416,65154,181123,51069
2020,4,발달상권,2120215,포스코사거리,0.0888024408092201,1744268,780943,2442822,584043
2020,4,발달상권,2120216,경기고교사거리(경기고교앞사거리),0.08231104760038951,105427,50400,134948,38602
2020,4,발달상권,2120217,대치사거리,0.10585988527290283,578070,337832,839063,287785
2020,4,발달상권,2120218,코엑스,0.05670277589708869,27398,11312,32437,8919
2020,4,발달상권,2120219,은마아파트,0.1155623684451359,504173,367401,722333,326658
2020,4,발달상권,2120220,대치역,0.10894186317192872,260073,175405,368173,151617
2020,4,발달상권,2120221,봉은사역,0.0936123774215769,222382,105765,305370,82238
2020,4,발달상권,2120222,삼성역,0.06328065588694054,597902,234259,757304,143460
2020,4,발달상권,2120223,휘문고교사거리,0.06818381213261457,133539,52499,169183,35983
2020,4,발달상권,2120224,수서역,0.10185066503653017,109143,56923,157155,45690
2020,4,전통시장,2130303,영동전통시장,0.1264844826454957,205297,142974,320917,105831
2020,4,전통시장,2130310,강남개포시장,0.08026464600769057,104987,57433,127869,48970
2020,4,관광특구,1001496,강남 마이스 관광특구,0.05726804350697961,60362,24668,72476,18362
2021,1,골목상권,2110949,한남IC,0.09970936875408348,159115,90444,232805,77899
2021,1,골목상권,2110951,신사은행나무공원,0.11028571719582603,286513,169338,443590,145488
2021,1,골목상권,2110952,논현목련공원,0.12498494487085436,80520,48902,130635,52030
2021,1,골목상권,2110954,국기원,0.07774343794889653,209118,142256,284538,106003
2021,1,골목상권,2110955,논현초등학교,0.12114343886739586,1340976,789045,2091427,780821
2021,1,골목상권,2110957,언북중학교,0.09337419299823083,508939,238329,733906,192515
2021,1,골목상권,2110958,역삼역 4번,0.08331485866881645,232994,103652,320177,76764
2021,1,골목상권,2110959,신구중학교,0.0889613034623218,61354,31360,84292,26186
2021,1,골목상권,2110960,은광여고,0.11036118911590975,49086,26069,75275,27997
2021,1,골목상권,2110961,언주역 3번,0.10923725896805726,592416,329092,865776,290609
2021,1,골목상권,2110963,역삼월드메르디앙아파트,0.12490981779125464,166552,99199,271677,97022
2021,1,골목상권,2110965,언주역 6번,0.10956164005383368,421283,223138,617284,194105
2021,1,골목상권,2110966,논현2동주민센터,0.0977252443088742,961741,518857,1383965,386338
2021,1,골목상권,2110967,역삼역 8번,0.1057888313937237,304578,156767,451839,134877
2021,1,골목상권,2110971,선정릉역 4번,0.11128950173774149,414120,219807,635182,215636
2021,1,골목상권,2110972,강남세브란스병원미래의학연구센터,0.1144532957245746,130042,66638,200716,71560
2021,1,골목상권,2110974,언주중학교,0.11860755699046821,349901,202973,549091,204805
2021,1,골목상권,2110975,매봉역 1번,0.1099033733835728,149242,89086,211886,80579
2021,1,골목상권,2110976,언북초등학교,0.10816895059738613,388579,214743,565094,198063
2021,1,골목상권,2110977,논현로18길,0.11486077481840194,63166,36394,94697,30856
2021,1,골목상권,2110980,개포지구대옆,0.12647776388909807,238141,149863,389758,141450
2021,1,골목상권,2110981,국악고교사거리,0.12862672034246045,208364,140307,329732,121125
2021,1,골목상권,2110982,강남구보훈회관,0.12204969106302523,87362,51692,135918,55544
2021,1,골목상권,2110983,국립국악고등학교,0.1278276511980354,200952,127642,333561,132286
2021,1,골목상권,2110984,포이초등학교(개포목련어린이공원),0.1110826880316166,419062,214433,693495,272073
2021,1,골목상권,2110985,청담근린공원,0.10766282462968756,129658,70800,185857,66700
2021,1,골목상권,2110988,청담역 3번,0.11185889997679276,102871,57033,141763,56452
2021,1,골목상권,2110989,대치동아우편취급국,0.10283324727214242,362800,195836,535837,172962
2021,1,골목상권,2110992,도곡초등학교,0.12709448209120738,797870,557569,1282974,558413
2021,1,골목상권,2110994,개포고등학교,0.12453900153784815,243497,144517,406414,155411
2021,1,골목상권,2110995,봉은사역 4번,0.12517795308586085,250248,150188,384350,150203
2021,1,골목상권,2110996,대치2동주민센터,0.12080107767765214,312235,208093,484313,189730
2021,1,골목상권,2110997,대청초등학교,0.13615194026071922,1139315,756127,2011715,776802
2021,1,골목상권,2110999,윗방죽마을공원,0.12060443613829736,38928,23764,57086,24247
2021,1,골목상권,2111000,대왕초등학교(세곡동사거리서남측),0.08392817309837163,32568,18583,39398,14398
2021,1,골목상권,2111002,한국교통안전공단 강남자동차검사소,0.0,261,69,138,192
2021,1,발달상권,2120185,논현역,0.10393182512477299,1407522,785513,2052906,614940
2021,1,발달상권,2120186,가로수길,0.0938765494937222,1183436,706954,1645489,547083
2021,1,발달상권,2120187,신논현역,0.09822259320196318,1510355,889566,2148032,714057
2021,1,발달상권,2120188,압구정역,0.08102325615052397,973692,499703,1279931,378385
2021,1,발달상권,2120190,강남을지병원,0.09079760505695997,744097,369086,1042586,287385
2021,1,발달상권,2120191,학동역,0.09808361888442123,1010248,509853,1436122,411476
2021,1,발달상권,2120192,뱅뱅사거리,0.09710871580660907,973706,476152,1384148,365384
2021,1,발달상권,2120193,도산공원교차로,0.07850205967608317,366547,171109,488437,125980
2021,1,발달상권,2120194,언주역(차병원),0.09721696944404595,929586,461671,1311056,375882
2021,1,발달상권,2120195,성수대교남단,0.08493667209119488,510275,282373,673842,217787
2021,1,발달상권,2120196,서울세관,0.09847147409014335,459858,232717,658266,183460
2021,1,발달상권,2120197,역삼역,0.08124860213262503,1952505,860120,2680816,560726
2021,1,발달상권,2120198,구역삼세무서,0.1048767493535351,1079555,564861,1601988,475850
2021,1,발달상권,2120199,경복아파트교차로,0.10089678526036991,304835,156386,430408,132156
2021,1,발달상권,2120200,학동사거리,0.0815439366302282,688191,355951,897095,278861
2021,1,발달상권,2120201,도곡1동,0.10281157205801061,562097,293868,794546,256502
2021,1,발달상권,2120202,압구정로데오역(압구정로데오),0.08397528464523822,1156422,636675,1506164,493081
2021,1,발달상권,2120203,강남구청역,0.10003921440475802,989284,545591,1425983,410076
2021,1,발달상권,2120204,르네상스호텔사거리,0.08753773908136324,735291,330660,1011731,228693
2021,1,발달상권,2120205,매봉역,0.09277418762731511,281719,144204,390702,110516
2021,1,발달상권,2120206,개나리아파트,0.10318848599246791,587719,295090,840648,258114
2021,1,발달상권,2120207,선정릉역,0.10650353654027361,862006,470886,1270848,405932
2021,1,발달상권,2120208,청담사거리(청담동명품거리),0.09879017473695084,843850,447258,1173191,395053
2021,1,발달상권,2120209,"강남구청(청담역_8번, 강남세무서)",0.09670208562932774,316879,166214,439150,137942
2021,1,발달상권,2120210,선릉역,0.0874331445877413,2704569,1322879,3776742,988579
2021,1,발달상권,2120211,도성초등학교,0.09698177784519701,457010,274030,609184,234628
2021,1,발달상권,2120212,한티역,0.11586721190597471,562357,381255,792916,330018
2021,1,발달상권,2120213,삼성중앙역,0.1010484458504672,871509,451325,1264220,371916
2021,1,발달상권,2120214,영동대교남단교차로,0.08201167383998585,140450,65310,185465,51986
2021,1,발달상권,2120215,포스코사거리,0.087709860912052,1698048,765431,2370394,564942
2021,1,발달상권,2120216,경기고교사거리(경기고교앞사거리),0.079080592552324,108833,49835,137733,38863
2021,1,발달상권,2120217,대치사거리,0.1041796231937077,619589,360287,895766,306975
2021,1,발달상권,2120218,코엑스,0.05350143552615154,26459,10796,30852,9205
2021,1,발달상권,2120219,은마아파트,0.10896607685884002,500737,346331,706728,308743
2021,1,발달상권,2120220,대치역,0.10560916253640995,259951,171030,360181,144831
2021,1,발달상권,2120221,봉은사역,0.09079750788496496,224349,104648,304349,81828
2021,1,발달상권,2120222,삼성역,0.060944583244159446,580753,228013,733368,140395
2021,1,발달상권,2120223,휘문고교사거리,0.06646234290162593,134401,53355,168651,35599
2021,1,발달상권,2120224,수서역,0.10158084524757446,105362,55008,152831,44341
2021,1,전통시장,2130303,영동전통시장,0.11691112691354938,187674,127805,289944,93964
2021,1,전통시장,2130310,강남개포시장,0.07815139044175369,101051,55216,121477,46672
2021,1,관광특구,1001496,강남 마이스 관광특구,0.0544163589889236,58306,23660,69152,18874
2021,2,골목상권,2110949,한남IC,0.10110808422912679,167296,96891,245514,80452
2021,2,골목상권,2110951,신사은행나무공원,0.11025327973029257,274424,162347,422341,137080
2021,2,골목상권,2110952,논현목련공원,0.1238763332340646,80069,48174,130151,51173
2021,2,골목상권,2110954,국기원,0.08925628182231383,225950,169109,316439,119184
2021,2,골목상권,2110955,논현초등학교,0.11686991727006689,1338626,755711,2068598,775838
2021,2,골목상권,2110957,언북중학교,0.09201195866640993,537493,245396,770078,195914
2021,2,골목상권,2110958,역삼역 4번,0.08340723784112931,234292,104376,319675,76107
2021,2,골목상권,2110959,신구중학교,0.09207230491871281,68618,36555,94639,30718
2021,2,골목상권,2110960,은광여고,0.10403912553061417,57156,27463,85794,30348
2021,2,골목상권,2110961,언주역 3번,0.10948386007138967,684166,373733,1001401,318959
2021,2,골목상권,2110963,역삼월드메르디앙아파트,0.12724344156819326,151236,90897,251249,88352
2021,2,골목상권,2110965,언주역 6번,0.10973135406385084,425043,224847,622136,197492
2021,2,골목상권,2110966,논현2동주민센터,0.0976396073944408,1001920,533998,1434073,406554
2021,2,골목상권,2110967,역삼역 8번,0.10380465701196691,314394,157909,464001,137157
2021,2,골목상권,2110971,선정릉역 4번,0.1105332650696559,397290,208412,611520,204920
2021,2,골목상권,2110972,강남세브란스병원미래의학연구센터,0.11164312534862739,129108,63998,197862,69256
2021,2,골목상권,2110974,언주중학교,0.11706773350358068,354447,202978,559693,204685
2021,2,골목상권,2110975,매봉역 1번,0.10766946498347855,155529,90837,219656,82071
2021,2,골목상권,2110976,언북초등학교,0.10649727170954601,393961,213725,569357,197057
2021,2,골목상권,2110977,논현로18길,0.1142958683560206,61100,34888,91321,29669
2021,2,골목상권,2110980,개포지구대옆,0.12881722812946422,224775,143450,372618,132787
2021,2,골목상권,2110981,국악고교사거리,0.1292871017958162,204897,137264,325146,120667
2021,2,골목상권,2110982,강남구보훈회관,0.11608550636749546,91374,50843,140888,56993
2021,2,골목상권,2110983,국립국악고등학교,0.130651141943239,168543,109902,282125,110539
2021,2,골목상권,2110984,포이초등학교(개포목련어린이공원),0.10931172823425207,413983,208908,693252,266397
2021,2,골목상권,2110985,청담근린공원,0.10519748221041075,130474,69073,185032,68205
2021,2,골목상권,2110988,청담역 3번,0.11279360618653274,105106,58013,143405,57292
2021,2,골목상권,2110989,대치동아우편취급국,0.10323812331231871,365581,200524,544930,174253
2021,2,골목상권,2110992,도곡초등학교,0.13292899170923206,758468,573974,1261786,570494
2021,2,골목상권,2110994,개포고등학교,0.11887122820712052,246137,135301,409446,149110
2021,2,골목상권,2110995,봉은사역 4번,0.12334899306567862,254835,149516,388261,153680
2021,2,골목상권,2110996,대치2동주민센터,0.1263929634525076,336074,239910,533757,210698
2021,2,골목상권,2110997,대청초등학교,0.13560304653665148,1074383,707392,1884533,726960
2021,2,골목상권,2110999,윗방죽마을공원,0.11804158283031523,39740,23376,57563,24443
2021,2,골목상권,2111000,대왕초등학교(세곡동사거리서남측),0.08350102427439676,33121,18736,40111,15053
2021,2,골목상권,2111002,한국교통안전공단 강남자동차검사소,0.0,1035,138,816,357
2021,2,발달상권,2120185,논현역,0.10505793362936221,1416364,799982,2076174,616131
2021,2,발달상권,2120186,가로수길,0.09615118862435644,1203022,745783,1691321,566415
2021,2,발달상권,2120187,신논현역,0.10312371106065168,1453136,888690,2096488,706203
2021,2,발달상권,2120188,압구정역,0.08363730354946804,1011915,537642,1322122,403376
2021,2,발달상권,2120190,강남을지병원,0.0906269672026571,802801,394983,1119715,306802
2021,2,발달상권,2120191,학동역,0.09736188117403767,1045916,520581,1482540,415933
2021,2,발달상권,2120192,뱅뱅사거리,0.09582646851006495,999722,482335,1410258,368738
2021,2,발달상권,2120193,도산공원교차로,0.07891576801480368,410046,189009,540612,139758
2021,2,발달상권,2120194,언주역(차병원),0.09714212761350947,937439,463820,1320549,379177
2021,2,발달상권,2120195,성수대교남단,0.0904438012904305,525378,304052,703025,229532
2021,2,발달상권,2120196,서울세관,0.09712075347014788,497686,245917,704812,194067
2021,2,발달상권,2120197,역삼역,0.08006889113783214,2084939,900684,2846531,583225
2021,2,발달상권,2120198,구역삼세무서,0.1028498775726449,1103245,563369,1633696,476535
2021,2,발달상권,2120199,경복아파트교차로,0.10086973266151032,303361,155827,430327,130537
2021,2,발달상권,2120200,학동사거리,0.08457930657845947,752854,396052,980508,308579
2021,2,발달상권,2120201,도곡1동,0.10267566562315966,554441,287001,781293,251123
2021,2,발달상권,2120202,압구정로데오역(압구정로데오),0.08902011895738558,1170946,664992,1540703,505575
2021,2,발달상권,2120203,강남구청역,0.09829105912425665,893607,477426,1271835,360286
2021,2,발달상권,2120204,르네상스호텔사거리,0.08721815190502681,760813,336135,1036402,230905
2021,2,발달상권,2120205,매봉역,0.09181989854197355,294355,149130,405356,114662
2021,2,발달상권,2120206,개나리아파트,0.1015429029671211,589609,288864,839019,252106
2021,2,발달상권,2120207,선정릉역,0.10422509092753963,894338,473765,1307529,407297
2021,2,발달상권,2120208,청담사거리(청담동명품거리),0.0984694411697838,872990,459689,1206483,407760
2021,2,발달상권,2120209,"강남구청(청담역_8번, 강남세무서)",0.0961672072365188,326900,170841,451625,138492
2021,2,발달상권,2120210,선릉역,0.08865237486969536,2751743,1353044,3857981,1028645
2021,2,발달상권,2120211,도성초등학교,0.10218153306890508,461628,290090,622472,244809
2021,2,발달상권,2120212,한티역,0.11891771438879584,559386,396171,793554,337314
2021,2,발달상권,2120213,삼성중앙역,0.10079500109409459,871921,445973,1259088,367827
2021,2,발달상권,2120214,영동대교남단교차로,0.08260912502468892,144362,67607,189525,53500
2021,2,발달상권,2120215,포스코사거리,0.08724111123177945,1764197,786486,2448479,571739
2021,2,발달상권,2120216,경기고교사거리(경기고교앞사거리),0.08002449841143114,113277,51892,142382,40486
2021,2,발달상권,2120217,대치사거리,0.1078560561210524,641978,388514,933454,323258
2021,2,발달상권,2120218,코엑스,0.05572134770029843,29177,11828,33863,10036
2021,2,발달상권,2120219,은마아파트,0.1167023136393733,496330,378738,721599,328045
2021,2,발달상권,2120220,대치역,0.10938432055680078,255688,178039,358533,146066
2021,2,발달상권,2120221,봉은사역,0.0894842772308796,238690,108235,318583,82872
2021,2,발달상권,2120222,삼성역,0.06175834802273117,619355,237456,774502,147931
2021,2,발달상권,2120223,휘문고교사거리,0.06568471337579618,141984,54805,176737,36782
2021,2,발달상권,2120224,수서역,0.09818177986417354,105572,52133,148498,41303
2021,2,전통시장,2130303,영동전통시장,0.12016161051167507,193152,134622,302577,97894
2021,2,전통시장,2130310,강남개포시장,0.079351612038939,94620,52222,113526,43232
2021,2,관광특구,1001496,강남 마이스 관광특구,0.0565402339595888,63937,25728,75392,20522
2021,3,골목상권,2110949,한남IC,0.09842820037970113,178087,98186,258245,85183
2021,3,골목상권,2110951,신사은행나무공원,0.11048909722445567,243966,140623,372794,124693
2021,3,골목상권,2110952,논현목련공원,0.12481475642440486,83658,50882,136417,53873
2021,3,골목상권,2110954,국기원,0.07713613253059048,213299,134393,279704,104808
2021,3,골목상권,2110955,논현초등학교,0.11782135726812755,1331951,758204,2058338,768120
2021,3,골목상권,2110957,언북중학교,0.09383795025626157,503757,232025,723598,193821
2021,3,골목상권,2110958,역삼역 4번,0.08196646645221896,210755,91873,284184,67106
2021,3,골목상권,2110959,신구중학교,0.08680511892901016,58994,29202,77217,26167
2021,3,골목상권,2110960,은광여고,0.10371718221991162,51320,25369,74789,29078
2021,3,골목상권,2110961,언주역 3번,0.1012889237686056,401564,200670,583883,167910
2021,3,골목상권,2110963,역삼월드메르디앙아파트,0.1245252870166683,167254,99211,272522,92964
2021,3,골목상권,2110965,언주역 6번,0.10910485813630214,424324,221747,617159,193585
2021,3,골목상권,2110966,논현2동주민센터,0.09708635687642551,946846,489905,1347147,391706
2021,3,골목상권,2110967,역삼역 8번,0.1047154690286393,317092,159851,470744,138803
2021,3,골목상권,2110971,선정릉역 4번,0.11148248615966827,328354,172781,500832,175636
2021,3,골목상권,2110972,강남세브란스병원미래의학연구센터,0.11001520289229073,144012,71524,219181,74841
2021,3,골목상권,2110974,언주중학교,0.11931122709777602,333057,195508,529336,194502
2021,3,골목상권,2110975,매봉역 1번,0.10694573825569068,180710,103100,264638,92835
2021,3,골목상권,2110976,언북초등학교,0.10923302379818726,352498,192510,516483,185000
2021,3,골목상권,2110977,논현로18길,0.11856247124187046,70804,41043,109173,36436
2021,3,골목상권,2110980,개포지구대옆,0.13204052766009408,258273,169105,434173,155449
2021,3,골목상권,2110981,국악고교사거리,0.1276285870673878,192500,127970,303824,110894
2021,3,골목상권,2110982,강남구보훈회관,0.11413338152900777,82147,46430,126359,50697
2021,3,골목상권,2110983,국립국악고등학교,0.12616500823664709,197697,125655,323599,126827
2021,3,골목상권,2110984,포이초등학교(개포목련어린이공원),0.11303237930120567,439638,226426,746254,298889
2021,3,골목상권,2110985,청담근린공원,0.10488932780051467,112303,58484,154914,55708
2021,3,골목상권,2110988,청담역 3번,0.10982548511740478,71002,38100,98045,43260
2021,3,골목상권,2110989,대치동아우편취급국,0.10113256363174263,348589,186394,530775,169586
2021,3,골목상권,2110992,도곡초등학교,0.12742760645376158,882483,628017,1417507,627253
2021,3,골목상권,2110994,개포고등학교,0.11322503246824715,213025,116867,326186,128103
2021,3,골목상권,2110995,봉은사역 4번,0.12773838481190816,236732,143854,378875,144062
2021,3,골목상권,2110996,대치2동주민센터,0.12429103831044051,354328,241092,557436,215878
2021,3,골목상권,2110997,대청초등학교,0.1312593049316881,1029090,665398,1690751,664183
2021,3,골목상권,2110999,윗방죽마을공원,0.13281106381775246,32628,21721,50696,20024
2021,3,골목상권,2111000,대왕초등학교(세곡동사거리서남측),0.04590068348935895,20364,10013,23732,7137
2021,3,골목상권,2111002,한국교통안전공단 강남자동차검사소,0.018633540372670808,366,117,339,144
2021,3,발달상권,2120185,논현역,0.10327509797575521,1324525,725878,1919605,576931
2021,3,발달상권,2120186,가로수길,0.09479589427649553,1102771,650418,1529041,516783
2021,3,발달상권,2120187,신논현역,0.10086267542972853,1396964,803288,1980209,660878
2021,3,발달상권,2120188,압구정역,0.08189506116473683,999674,511511,1306967,390500
2021,3,발달상권,2120190,강남을지병원,0.09009549314987121,785535,381054,1094194,303079
2021,3,발달상권,2120191,학동역,0.09616999730519783,914696,446129,1297746,357292
2021,3,발달상권,2120192,뱅뱅사거리,0.0965145207564668,922663,443026,1304888,342721
2021,3,발달상권,2120193,도산공원교차로,0.07726057134637138,370731,164647,485436,126313
2021,3,발달상권,2120194,언주역(차병원),0.09688056337001233,908972,447705,1281622,364188
2021,3,발달상권,2120195,성수대교남단,0.08764886580836757,506246,277955,669923,221065
2021,3,발달상권,2120196,서울세관,0.0907357095305781,378387,176944,526682,140267
2021,3,발달상권,2120197,역삼역,0.07912155991175134,1947252,826822,2642599,550197
2021,3,발달상권,2120198,구역삼세무서,0.10690112453866722,1031371,534982,1550374,479612
2021,3,발달상권,2120199,경복아파트교차로,0.10116543506528637,290305,148784,413650,122373
2021,3,발달상권,2120200,학동사거리,0.08043360632594601,683952,339055,871559,272428
2021,3,발달상권,2120201,도곡1동,0.10242683578812477,524982,273924,741022,239104
2021,3,발달상권,2120202,압구정로데오역(압구정로데오),0.08597305709479725,1100337,597248,1430860,476283
2021,3,발달상권,2120203,강남구청역,0.09722204933765849,881877,462848,1250307,356416
2021,3,발달상권,2120204,르네상스호텔사거리,0.09143342950143465,737750,330708,1028773,241571
2021,3,발달상권,2120205,매봉역,0.09415050373517922,294860,147387,409478,115798
2021,3,발달상권,2120206,개나리아파트,0.09873366209733753,605576,293876,847407,253485
2021,3,발달상권,2120207,선정릉역,0.10583817043564674,855068,459863,1260321,398041
2021,3,발달상권,2120208,청담사거리(청담동명품거리),0.0987082348906727,784634,404938,1081204,370996
2021,3,발달상권,2120209,"강남구청(청담역_8번, 강남세무서)",0.09661724469214736,293848,154372,404733,129240
2021,3,발달상권,2120210,선릉역,0.08890365063641223,2504377,1206620,3461046,924161
2021,3,발달상권,2120211,도성초등학교,0.10152785278282357,517762,322067,701948,275765
2021,3,발달상권,2120212,한티역,0.11164473285861608,536315,359943,733037,307444
2021,3,발달상권,2120213,삼성중앙역,0.10278449634551802,801018,411439,1160461,351516
2021,3,발달상권,2120214,영동대교남단교차로,0.09001863632931864,145260,70374,195706,55951
2021,3,발달상권,2120215,포스코사거리,0.08811191898448631,1635459,719950,2258266,550481
2021,3,발달상권,2120216,경기고교사거리(경기고교앞사거리),0.08277899022117766,115350,51367,148255,42363
2021,3,발달상권,2120217,대치사거리,0.107072827577976,666139,401397,966540,340562
2021,3,발달상권,2120218,코엑스,0.05524380557050247,25893,10227,30240,8786
2021,3,발달상권,2120219,은마아파트,0.11021533834910256,553931,390124,768666,345952
2021,3,발달상권,2120220,대치역,0.10642394538771223,267786,178996,357544,145200
2021,3,발달상권,2120221,봉은사역,0.08748883687776689,218381,99486,288052,78107
2021,3,발달상권,2120222,삼성역,0.06460543581946455,547357,209983,692443,133630
2021,3,발달상권,2120223,휘문고교사거리,0.0685558308735698,133123,52488,166496,36100
2021,3,발달상권,2120224,수서역,0.09994587481162312,104728,53833,146293,42158
2021,3,전통시장,2130303,영동전통시장,0.11422442686687223,182698,119482,274172,91318
2021,3,전통시장,2130310,강남개포시장,0.08801029987661606,106801,60724,134276,52135
2021,3,관광특구,1001496,강남 마이스 관광특구,0.05630823350446853,55935,21984,66313,17835
2021,4,골목상권,2110949,한남IC,0.1001725747588197,183269,104677,262886,90583
2021,4,골목상권,2110951,신사은행나무공원,0.11499997102350766,247340,149034,388063,129600
2021,4,골목상권,2110952,논현목련공원,0.12226239747348518,87734,51900,142772,56083
2021,4,골목상권,2110955,논현초등학교,0.11672021267127872,1394616,792757,2136682,807202
2021,4,골목상권,2110957,언북중학교,0.09174739640856562,550341,247657,780030,202364
2021,4,골목상권,2110958,역삼역 4번,0.08179459041436457,220294,98647,295096,72141
2021,4,골목상권,2110959,신구중학교,0.08219396077287254,44807,22047,56937,18469
2021,4,골목상권,2110960,은광여고,0.10055067687365721,49577,24258,70775,25111
2021,4,골목상권,2110961,언주역 3번,0.10025799758842985,399673,201851,577097,165159
2021,4,골목상권,2110963,역삼월드메르디앙아파트,0.12354601142542501,173609,103248,281211,96543
2021,4,골목상권,2110965,언주역 6번,0.10661808388451027,443062,229556,631669,201549
2021,4,골목상권,2110966,논현2동주민센터,0.09913655745062837,963436,511694,1379365,403035
2021,4,골목상권,2110967,역삼역 8번,0.10487598794879781,338475,175267,499193,149374
2021,4,골목상권,2110971,선정릉역 4번,0.10847156237682747,327710,169037,497459,167258
2021,4,골목상권,2110972,강남세브란스병원미래의학연구센터,0.10951042735698552,153010,74817,231639,81146
2021,4,골목상권,2110974,언주중학교,0.12077370202303805,306044,182141,486260,172650
2021,4,골목상권,2110975,매봉역 1번,0.10665162745729939,159724,92836,230200,80100
2021,4,골목상권,2110976,언북초등학교,0.11680562924408902,322373,186767,490658,184105
2021,4,골목상권,2110977,논현로18길,0.12086299864719817,75345,44183,117345,40107
2021,4,골목상권,2110980,개포지구대옆,0.13236148674107628,263162,170874,438852,158293
2021,4,골목상권,2110981,국악고교사거리,0.13075076804915514,188829,129129,304189,112451
2021,4,골목상권,2110982,강남구보훈회관,0.11134145137594435,80368,43607,122060,50149
2021,4,골목상권,2110983,국립국악고등학교,0.12427436816366148,192337,119653,308356,120236
2021,4,골목상권,2110984,포이초등학교(개포목련어린이공원),0.11428539819745401,451620,234509,776645,308041
2021,4,골목상권,2110985,청담근린공원,0.10442911345414925,114564,60024,152204,55219
2021,4,골목상권,2110989,대치동아우편취급국,0.09989569135964968,358273,194953,535961,170595
2021,4,골목상권,2110992,도곡초등학교,0.13124279645584358,821254,617188,1362682,605967
2021,4,골목상권,2110994,개포고등학교,0.11059792584434655,213107,110256,317767,118073
2021,4,골목상권,2110995,봉은사역 4번,0.12791313559322035,233136,139959,371826,145485
2021,4,골목상권,2110996,대치2동주민센터,0.12148775063794016,345991,246829,547303,221189
2021,4,골목상권,2110997,대청초등학교,0.1312878549307967,945037,625767,1535785,588609
2021,4,골목상권,2110999,윗방죽마을공원,0.13911544227886058,29820,20815,48055,18643
2021,4,골목상권,2111000,대왕초등학교(세곡동사거리서남측),0.02977194072233561,15208,6930,17502,5039
2021,4,골목상권,2111002,한국교통안전공단 강남자동차검사소,0.03636363636363636,942,213,894,261
2021,4,발달상권,2120185,논현역,0.10542560078561868,1344375,758161,1969976,588007
2021,4,발달상권,2120186,가로수길,0.09955335496405253,1127444,707848,1580611,545687
2021,4,발달상권,2120187,신논현역,0.10818606566780462,1446463,897345,2091303,715490
2021,4,발달상권,2120188,압구정역,0.08553977397935436,1076248,578531,1420899,439640
2021,4,발달상권,2120190,강남을지병원,0.09263915955247357,847440,423935,1183879,332456
2021,4,발달상권,2120191,학동역,0.09561231994546791,927774,453166,1310554,361855
2021,4,발달상권,2120192,뱅뱅사거리,0.09887159631885392,934615,458116,1339266,354011
2021,4,발달상권,2120193,도산공원교차로,0.08221596168923488,387745,182915,514050,135164
2021,4,발달상권,2120194,언주역(차병원),0.09550927270803755,954089,469330,1327319,383561
2021,4,발달상권,2120195,성수대교남단,0.09860131041821037,527575,316113,713501,246040
2021,4,발달상권,2120196,서울세관,0.09278309210196825,393743,190584,552062,146785
2021,4,발달상권,2120197,역삼역,0.08023253571685267,2081334,912867,2848662,573953
2021,4,발달상권,2120198,구역삼세무서,0.10752868416968134,1059572,554000,1606625,487299
2021,4,발달상권,2120199,경복아파트교차로,0.09925309052024432,303120,154112,426868,128620
2021,4,발달상권,2120200,학동사거리,0.08748105252719543,740538,399507,959493,311124
2021,4,발달상권,2120201,도곡1동,0.10256799863045475,527980,276382,750839,236352
2021,4,발달상권,2120202,압구정로데오역(압구정로데오),0.0967800855735465,1167796,689990,1553422,532502
2021,4,발달상권,2120203,강남구청역,0.09905558043730983,902020,483901,1287594,357969
2021,4,발달상권,2120204,르네상스호텔사거리,0.09115154150820591,794638,358667,1109423,261054
2021,4,발달상권,2120205,매봉역,0.0963382287494437,312693,160842,437754,123997
2021,4,발달상권,2120206,개나리아파트,0.09752336032993744,603017,290550,841595,249037
2021,4,발달상권,2120207,선정릉역,0.10427869472531955,894253,474529,1313421,407689
2021,4,발달상권,2120208,청담사거리(청담동명품거리),0.10207494601461863,788191,424328,1089298,378693
2021,4,발달상권,2120209,"강남구청(청담역_8번, 강남세무서)",0.09741824134372443,308471,164580,428653,133366
2021,4,발달상권,2120210,선릉역,0.09105676581927011,2700174,1329077,3755850,962128
2021,4,발달상권,2120211,도성초등학교,0.10411077850708926,541656,340529,748329,281255
2021,4,발달상권,2120212,한티역,0.11212467951808666,515447,354314,712279,293627
2021,4,발달상권,2120213,삼성중앙역,0.10197355426004413,850977,442707,1223851,370886
2021,4,발달상권,2120214,영동대교남단교차로,0.0940867683399377,156204,77893,209795,63762
2021,4,발달상권,2120215,포스코사거리,0.08630417144428128,1752747,775362,2410629,572032
2021,4,발달상권,2120216,경기고교사거리(경기고교앞사거리),0.08342639234981737,124104,55586,158239,46828
2021,4,발달상권,2120217,대치사거리,0.10477044619414816,676070,410940,997096,356530
2021,4,발달상권,2120218,코엑스,0.05579788018627389,31317,13052,35673,11784
2021,4,발달상권,2120219,은마아파트,0.11750933207221519,468476,361802,678618,310981
2021,4,발달상권,2120220,대치역,0.10771214062170621,260738,180486,349149,144200
2021,4,발달상권,2120221,봉은사역,0.08219056006374369,230384,101172,301191,80337
2021,4,발달상권,2120222,삼성역,0.06385535233011487,633825,246904,794318,161107
2021,4,발달상권,2120223,휘문고교사거리,0.0684762134318898,146548,57197,183376,40660
2021,4,발달상권,2120224,수서역,0.10360670374434999,117638,61377,166601,48445
2021,4,전통시장,2130303,영동전통시장,0.1239092540906214,186050,132799,289765,95751
2021,4,전통시장,2130310,강남개포시장,0.08872284529188418,117413,64716,148810,56354
2021,4,관광특구,1001496,강남 마이스 관광특구,0.05682640233053747,67617,27987,78495,23800
2022,1,골목상권,2110963,역삼월드메르디앙아파트,0.12392550875435673,180098,106688,289795,101554
2022,1,골목상권,2110983,국립국악고등학교,0.12377482095516502,198839,123384,314451,122731
2022,1,골목상권,2110995,봉은사역 4번,0.12725244343123226,225142,134246,357811,136987
2022,1,발달상권,2120223,휘문고교사거리,0.07194586597463073,132640,52781,167473,38681
2022,1,발달상권,2120209,"강남구청(청담역_8번, 강남세무서)",0.1017525255872523,339701,185076,478968,154747
2022,1,발달상권,2120210,선릉역,0.09150081216662338,2636259,1317059,3674530,980302
2022,1,발달상권,2120194,언주역(차병원),0.09515431713406172,932539,458866,1298585,375338
2022,1,발달상권,2120220,대치역,0.10391698557101064,283506,188744,369972,153698
2022,1,발달상권,2120201,도곡1동,0.1029632118190456,517160,271498,732511,237853
2022,1,골목상권,2110958,역삼역 4번,0.08184919155684155,217613,97092,291042,72188
2022,1,골목상권,2110999,윗방죽마을공원,0.13933669060460682,30041,20942,48303,18814
2022,1,골목상권,2110957,언북중학교,0.09415704537335141,522314,242201,744401,198904
2022,1,골목상권,2110961,언주역 3번,0.10350252477134146,442255,225288,646075,193606
2022,1,골목상권,2110985,청담근린공원,0.09862820141398432,110954,56382,146132,50618
2022,1,골목상권,2110971,선정릉역 4번,0.1098633509347795,329327,171767,501482,171191
2022,1,골목상권,2110965,언주역 6번,0.10735546496293664,439482,228020,629191,201144
2022,1,골목상권,2110949,한남IC,0.09456109589987649,181072,99710,257151,90179
2022,1,골목상권,2110980,개포지구대옆,0.13214917110246657,275441,178206,456465,167434
2022,1,발달상권,2120187,신논현역,0.10214439223307847,1449421,867437,2066148,701023
2022,1,발달상권,2120208,청담사거리(청담동명품거리),0.09838316984684027,729880,383931,1001494,347749
2022,1,발달상권,2120216,경기고교사거리(경기고교앞사거리),0.08502399933651943,117057,53018,149124,43799
2022,1,발달상권,2120221,봉은사역,0.08288039989386378,210264,93260,275694,74797
2022,1,발달상권,2120202,압구정로데오역(압구정로데오),0.085944065075622,1125719,633009,1461135,491670
2022,1,발달상권,2120212,한티역,0.10992489311565001,542977,361591,735941,306308
2022,1,발달상권,2120200,학동사거리,0.08086614052196606,693723,360576,889483,281551
2022,1,발달상권,2120199,경복아파트교차로,0.10054856498579802,300433,153782,424778,128666
2022,1,전통시장,2130310,강남개포시장,0.08912756113681428,120247,66607,152811,59010
2022,1,골목상권,2110955,논현초등학교,0.11730337785138738,1416149,804950,2168874,821074
2022,1,골목상권,2110981,국악고교사거리,0.1300100614551793,192321,130007,308090,115307
2022,1,골목상권,2110977,논현로18길,0.12051482311023902,74672,43625,115215,39711
2022,1,발달상권,2120215,포스코사거리,0.08661377662798453,1729289,775225,2377808,580405
2022,1,발달상권,2120219,은마아파트,0.1132581954906375,542346,390514,752928,346031
2022,1,발달상권,2120206,개나리아파트,0.09806500364329858,615208,296875,853562,258071
2022,1,발달상권,2120213,삼성중앙역,0.10376697283201845,880745,466210,1267738,391607
2022,1,발달상권,2120218,코엑스,0.0558161461402475,27977,11615,32129,10299
2022,1,발달상권,2120211,도성초등학교,0.10390952828558796,537321,336142,740280,284215
2022,1,관광특구,1001496,강남 마이스 관광특구,0.056855034207832784,61295,25253,71767,21048
2022,1,골목상권,2110992,도곡초등학교,0.1279326524979299,882267,630693,1408695,620181
2022,1,골목상권,2110960,은광여고,0.10192668875429971,48364,24319,69086,25687
2022,1,골목상권,2110952,논현목련공원,0.12314901501374913,90367,53638,145947,58067
2022,1,발달상권,2120195,성수대교남단,0.08826356685242262,501403,286584,663310,224054
2022,1,발달상권,2120186,가로수길,0.0904905330187367,1068661,634323,1467469,509666
2022,1,발달상권,2120196,서울세관,0.09441738002264084,393759,192227,556870,150703
2022,1,골목상권,2111002,한국교통안전공단 강남자동차검사소,0.051210428305400374,2376,846,2394,828
2022,1,골목상권,2110982,강남구보훈회관,0.11410370771666488,98291,53498,151542,62578
2022,1,발달상권,2120185,논현역,0.10354958659538403,1311142,728223,1903129,578821
2022,1,발달상권,2120197,역삼역,0.08073039924531504,2035921,904656,2786445,583437
2022,1,발달상권,2120191,학동역,0.09679020745966062,953431,469755,1346389,381946
2022,1,골목상권,2110972,강남세브란스병원미래의학연구센터,0.11047676282051282,155139,76943,234589,84898
2022,1,골목상권,2110997,대청초등학교,0.13052949108768563,954327,626057,1536100,598136
2022,1,골목상권,2110975,매봉역 1번,0.10686497095987882,153604,88897,219986,79084
2022,1,골목상권,2110951,신사은행나무공원,0.1174298390619155,228427,138556,358926,119581
2022,1,골목상권,2110989,대치동아우편취급국,0.09711056528154946,325442,174384,479666,152602
2022,1,골목상권,2110994,개포고등학교,0.11347522634655455,206205,111596,312893,120953
2022,1,발달상권,2120190,강남을지병원,0.0927296419660076,855578,428126,1188516,343238
2022,1,발달상권,2120224,수서역,0.10464896692314024,111640,59458,159047,47471
2022,1,발달상권,2120222,삼성역,0.06512680040863522,584506,230575,738276,152495
2022,1,발달상권,2120205,매봉역,0.09423867727201582,314820,159258,436381,125849
2022,1,발달상권,2120214,영동대교남단교차로,0.09363664114874268,144445,71861,194291,57952
2022,1,전통시장,2130303,영동전통시장,0.11571976490714936,178790,121749,272091,90319
2022,1,발달상권,2120203,강남구청역,0.09897541245888211,856558,458638,1224414,338166
2022,1,발달상권,2120217,대치사거리,0.1030661831006814,712171,417889,1033092,368717
2022,1,발달상권,2120193,도산공원교차로,0.08030769824475646,371960,173683,491140,130770
2022,1,발달상권,2120207,선정릉역,0.10577954428221809,872010,468623,1279751,404931
2022,1,발달상권,2120192,뱅뱅사거리,0.10006734980931738,902857,449126,1293173,351970
2022,1,발달상권,2120188,압구정역,0.08372593860669342,1111519,583364,1454321,458751
2022,1,발달상권,2120204,르네상스호텔사거리,0.09351886973130111,766368,354937,1079079,262832
2022,1,발달상권,2120198,구역삼세무서,0.10902868349243146,1052584,557918,1595615,499109
2022,1,골목상권,2110974,언주중학교,0.12133197162245923,289505,172853,459258,163488
2022,1,골목상권,2110984,포이초등학교(개포목련어린이공원),0.11605586049570545,464418,246596,794638,321431
2022,1,골목상권,2110976,언북초등학교,0.11792363594416888,307048,179385,469801,180376
2022,1,골목상권,2110959,신구중학교,0.07856332090157289,30010,14309,36898,12438
2022,1,골목상권,2110967,역삼역 8번,0.10525824952981955,333521,173171,493715,149654
2022,1,골목상권,2110996,대치2동주민센터,0.1191556965033396,387757,267314,591532,237459
2022,2,발달상권,2120191,학동역,0.09507743439034394,1047327,512152,1471752,415392
2022,2,발달상권,2120217,대치사거리,0.10411063934855856,692667,412756,1015381,369732
2022,2,골목상권,2110951,신사은행나무공원,0.12083703982959093,258613,161478,405388,133081
2022,2,골목상권,2110996,대치2동주민센터,0.12002364098280353,369872,265344,574296,236161
2022,2,골목상권,2110963,역삼월드메르디앙아파트,0.12431105492373966,174121,104288,284317,96157
2022,2,발달상권,2120209,"강남구청(청담역_8번, 강남세무서)",0.10203812052167638,333182,182281,472194,148575
2022,2,발달상권,2120219,은마아파트,0.1183491595974548,498588,392276,718598,337977
2022,2,발달상권,2120218,코엑스,0.05863559096401581,32510,13379,37162,11667
2022,2,골목상권,2110974,언주중학교,0.11838923854829028,301797,174707,482014,166077
2022,2,골목상권,2110984,포이초등학교(개포목련어린이공원),0.11398885204364075,462959,240146,794240,307664
2022,2,골목상권,2110972,강남세브란스병원미래의학연구센터,0.10708499736267048,158247,74654,236380,82125
2022,2,골목상권,2110957,언북중학교,0.08997097162613853,564734,253796,800680,200066
2022,2,골목상권,2110967,역삼역 8번,0.1039920052873859,363530,185798,534364,157090
2022,2,골목상권,2110949,한남IC,0.10507109140921118,197127,116574,282759,100057
2022,2,발달상권,2120210,선릉역,0.09588218988970106,2794959,1418480,3943263,1038925
2022,2,발달상권,2120208,청담사거리(청담동명품거리),0.10274769459848344,836673,443680,1167315,408222
2022,2,발달상권,2120222,삼성역,0.06189097262734613,704710,256455,868176,172317
2022,2,발달상권,2120195,성수대교남단,0.10841046003523011,551773,342853,757399,270133
2022,2,발달상권,2120188,압구정역,0.08729499879173896,1171126,623844,1524676,490616
2022,2,발달상권,2120196,서울세관,0.09701253011386131,440897,215966,631282,169428
2022,2,발달상권,2120198,구역삼세무서,0.10708682670085527,1053460,549755,1597367,477396
2022,2,관광특구,1001496,강남 마이스 관광특구,0.05897491086384862,71464,28898,83093,23768
2022,2,골목상권,2110961,언주역 3번,0.10451372544517284,542463,274192,802721,242491
2022,2,골목상권,2110995,봉은사역 4번,0.12546980829853635,232075,138106,364472,143714
2022,2,골목상권,2110952,논현목련공원,0.12149714057792127,82536,49420,134019,51507
2022,2,발달상권,2120207,선정릉역,0.10328673900408247,902632,473792,1320006,403953
2022,2,발달상권,2120194,언주역(차병원),0.09479184141647332,964296,467254,1343246,379457
2022,2,발달상권,2120220,대치역,0.10787550989813872,265594,189787,354912,152051
2022,2,골목상권,2110976,언북초등학교,0.115417750292225,353601,200217,536069,205656
2022,2,골목상권,2110965,언주역 6번,0.10245282070288705,462316,230758,652451,202853
2022,2,골목상권,2110992,도곡초등학교,0.13154225918941798,793264,616891,1319290,605180
2022,2,골목상권,2110960,은광여고,0.09659428259959704,55295,25988,77289,25451
2022,2,발달상권,2120215,포스코사거리,0.08403223973605875,1880640,817423,2565434,584964
2022,2,발달상권,2120221,봉은사역,0.07878290943303005,235242,99397,300484,80029
2022,2,발달상권,2120212,한티역,0.11193500084784001,535317,370531,734680,309151
2022,2,발달상권,2120205,매봉역,0.09735837171764891,341530,176652,472859,136766
2022,2,골목상권,2111002,한국교통안전공단 강남자동차검사소,0.036616161616161616,1896,480,1767,609
2022,2,골목상권,2110999,윗방죽마을공원,0.13703808854952707,29756,20601,48342,18582
2022,2,골목상권,2110985,청담근린공원,0.10238678866513112,105697,53850,139941,49350
2022,2,골목상권,2110959,신구중학교,0.08453837597330367,36697,17863,45678,15454
2022,2,발달상권,2120197,역삼역,0.0810195293522524,2280158,996888,3120988,623171
2022,2,발달상권,2120193,도산공원교차로,0.08454787339660855,406210,191696,538617,141269
2022,2,발달상권,2120199,경복아파트교차로,0.09708529439054253,302886,150669,424825,124834
2022,2,발달상권,2120216,경기고교사거리(경기고교앞사거리),0.08539560467544373,121662,53985,151586,44762
2022,2,전통시장,2130310,강남개포시장,0.08942708532527632,119871,65515,151295,57881
2022,2,전통시장,2130303,영동전통시장,0.13025433263637726,196829,144016,312460,101721
2022,2,골목상권,2110997,대청초등학교,0.13287539561360795,863307,583037,1412903,556507
2022,2,골목상권,2110975,매봉역 1번,0.10577207555757852,183187,102899,259603,91916
2022,2,골목상권,2110989,대치동아우편취급국,0.10095808400547641,349771,194015,526175,165521
2022,2,발달상권,2120203,강남구청역,0.09965321974080074,913252,488652,1310718,348545
2022,2,발달상권,2120224,수서역,0.10337287929708061,122631,62359,172680,49591
2022,2,골목상권,2110955,논현초등학교,0.11561573296387834,1394943,789801,2154891,800815
2022,2,골목상권,2110958,역삼역 4번,0.08312446334890139,240636,108011,323148,79813
2022,2,골목상권,2110981,국악고교사거리,0.13108083593769734,195356,133064,316502,118986
2022,2,골목상권,2110977,논현로18길,0.1215069343821155,73989,44049,114956,39638
2022,2,골목상권,2110982,강남구보훈회관,0.11708737295905429,91398,52725,145236,59818
2022,2,골목상권,2110971,선정릉역 4번,0.10670686963830667,334981,170378,505959,168618
2022,2,골목상권,2110994,개포고등학교,0.10855410070080683,231833,115235,350605,128560
2022,2,발달상권,2120185,논현역,0.10883104500968828,1350905,782621,1995694,601257
2022,2,발달상권,2120223,휘문고교사거리,0.06660581958841298,153189,56114,189036,41050
2022,2,발달상권,2120190,강남을지병원,0.09368522052433713,887035,445725,1242113,349343
2022,2,발달상권,2120192,뱅뱅사거리,0.09900768642350885,942729,465633,1351205,352186
2022,2,발달상권,2120186,가로수길,0.10119672438384224,1198359,748983,1678135,594902
2022,2,발달상권,2120202,압구정로데오역(압구정로데오),0.10776815890586645,1241131,763264,1686279,596735
2022,2,발달상권,2120214,영동대교남단교차로,0.09589035704023836,145897,73068,194802,59259
2022,2,골목상권,2110983,국립국악고등학교,0.12502012733531487,207883,131632,333446,126131
2022,2,골목상권,2110980,개포지구대옆,0.1316224459976134,288599,186967,481269,175739
2022,2,발달상권,2120200,학동사거리,0.0924455733889043,761038,414203,987847,320749
2022,2,발달상권,2120187,신논현역,0.11384824639350205,1582811,1019682,2327173,790118
2022,2,발달상권,2120206,개나리아파트,0.09610287370795857,632063,299009,876596,259014
2022,2,발달상권,2120213,삼성중앙역,0.1046209352245852,927305,493182,1337613,401905
2022,2,발달상권,2120201,도곡1동,0.10352370466711788,511104,269385,729390,232467
2022,2,발달상권,2120211,도성초등학교,0.10523120334445453,545349,340127,749744,287915
2022,3,골목상권,2110958,역삼역 4번,0.08326302072630304,247602,110971,333656,79973
2022,3,골목상권,2110971,선정릉역 4번,0.10705392843489903,337213,171825,511166,166342
2022,3,골목상권,2110994,개포고등학교,0.11039884072505679,222832,114900,341483,129155
2022,3,골목상권,2110995,봉은사역 4번,0.1270488907729264,234347,139674,366722,142821
2022,3,발달상권,2120185,논현역,0.10731978019517036,1380763,791434,2038224,596294
2022,3,발달상권,2120197,역삼역,0.0787565934846072,2248095,950672,3065032,590282
2022,3,발달상권,2120208,청담사거리(청담동명품거리),0.1023277775337624,818078,431717,1154903,393272
2022,3,발달상권,2120213,삼성중앙역,0.10323806111814189,924419,483863,1322363,397063
2022,3,발달상권,2120221,봉은사역,0.07988716844516218,232174,99783,298126,80847
2022,3,발달상권,2120220,대치역,0.1048462904634345,272180,186038,356572,152991
2022,3,골목상권,2111002,한국교통안전공단 강남자동차검사소,0.06382978723404255,879,249,762,366
2022,3,골목상권,2110974,언주중학교,0.11686690965336845,294306,167969,467062,158761
2022,3,골목상권,2110957,언북중학교,0.09008516779139313,542245,244400,768958,190089
2022,3,골목상권,2110985,청담근린공원,0.10461012743193629,108444,55347,147643,49012
2022,3,골목상권,2110952,논현목련공원,0.12126112449534118,81257,48366,131753,50055
2022,3,발달상권,2120199,경복아파트교차로,0.0968057531304294,296135,146004,414766,118788
2022,3,발달상권,2120217,대치사거리,0.0998336081170632,680912,388020,969054,345312
2022,3,발달상권,2120216,경기고교사거리(경기고교앞사거리),0.08375499060893127,121505,52832,151672,43194
2022,3,발달상권,2120201,도곡1동,0.10365037785274109,506283,266695,724461,230673
2022,3,발달상권,2120211,도성초등학교,0.1045447677249299,535926,331641,735057,277514
2022,3,골목상권,2110965,언주역 6번,0.1039576316308304,455434,226194,646728,200321
2022,3,골목상권,2110996,대치2동주민센터,0.11579429986188083,410982,283489,618864,253570
2022,3,발달상권,2120210,선릉역,0.09567057062434484,2789239,1418730,3953403,1016770
2022,3,발달상권,2120190,강남을지병원,0.09294507607146409,840972,418386,1182322,326130
2022,3,발달상권,2120195,성수대교남단,0.10492516680537727,620372,369274,851031,283226
2022,3,발달상권,2120212,한티역,0.1093936747917894,550882,371395,745627,310275
2022,3,골목상권,2110976,언북초등학교,0.11500835985981159,354831,200445,543330,203093
2022,3,골목상권,2110963,역삼월드메르디앙아파트,0.12160409310369677,178335,104021,290197,98360
2022,3,골목상권,2110980,개포지구대옆,0.1330384102017648,277125,180434,464604,166974
2022,3,발달상권,2120187,신논현역,0.11251537762023535,1592230,1018388,2341298,763050
2022,3,발달상권,2120207,선정릉역,0.10272229059505401,900736,468496,1317829,393377
2022,3,발달상권,2120194,언주역(차병원),0.09449912924515216,944455,452431,1321901,365140
2022,3,전통시장,2130310,강남개포시장,0.09198137609932747,120938,68208,154025,58605
2022,3,골목상권,2110967,역삼역 8번,0.09992243197820527,338932,165172,492111,142171
2022,3,골목상권,2110960,은광여고,0.09730141759721232,53550,25974,75758,25258
2022,3,발달상권,2120215,포스코사거리,0.08450989774332142,1898677,814773,2595521,595761
2022,3,발달상권,2120223,휘문고교사거리,0.06748793193031384,148958,55474,184804,40375
2022,3,발달상권,2120193,도산공원교차로,0.08555153313519516,373144,177291,499557,129971
2022,3,발달상권,2120191,학동역,0.09505421334706318,1026301,499866,1443619,397627
2022,3,발달상권,2120196,서울세관,0.09712773661776254,433865,210658,622703,162983
2022,3,골목상권,2110984,포이초등학교(개포목련어린이공원),0.11521592866495253,447898,239580,777558,297033
2022,3,골목상권,2110989,대치동아우편취급국,0.0996618723496,340169,184657,505692,152935
2022,3,골목상권,2110983,국립국악고등학교,0.12480007940428738,200322,127105,322909,120394
2022,3,발달상권,2120192,뱅뱅사거리,0.09856818090214048,927964,453441,1325450,336840
2022,3,발달상권,2120224,수서역,0.10174690302958324,106179,53253,151885,41774
2022,3,발달상권,2120206,개나리아파트,0.09615984730004758,616032,290559,850415,248735
2022,3,발달상권,2120202,압구정로데오역(압구정로데오),0.10759089322558839,1233716,751406,1688795,574576
2022,3,발달상권,2120204,르네상스호텔사거리,0.09166445896518674,843859,379952,1180269,261654
2022,3,발달상권,2120205,매봉역,0.09672027772880758,332053,169095,461974,127953
2022,3,관광특구,1001496,강남 마이스 관광특구,0.05767031096214721,75459,30560,86121,26661
2022,3,골목상권,2110977,논현로18길,0.12026432639290668,69849,40405,108091,35367
2022,3,골목상권,2110982,강남구보훈회관,0.11730835799501728,91950,52923,146751,58360
2022,3,골목상권,2110961,언주역 3번,0.10498591121858836,544903,273467,804273,236979
2022,3,골목상권,2110959,신구중학교,0.08971436108075517,61558,30519,80326,25824
2022,3,골목상권,2110949,한남IC,0.1057169804078544,186469,111335,271088,93650
2022,3,골목상권,2110992,도곡초등학교,0.12631557245073477,890533,644730,1402404,634731
2022,3,발달상권,2120209,"강남구청(청담역_8번, 강남세무서)",0.10157433309158366,328912,177701,466526,141541
2022,3,발달상권,2120219,은마아파트,0.11250499747953206,569122,418124,779388,371190
2022,3,발달상권,2120186,가로수길,0.10132198086631716,1216611,764343,1724749,584059
2022,3,발달상권,2120198,구역삼세무서,0.10629647427164506,1031750,533270,1561352,457238
2022,3,발달상권,2120214,영동대교남단교차로,0.0944591276605727,148521,72498,198003,57770
2022,3,골목상권,2110955,논현초등학교,0.11505494738990754,1360805,764391,2107111,763727
2022,3,골목상권,2110997,대청초등학교,0.13172384536968298,813924,543226,1333179,514944
2022,3,골목상권,2110999,윗방죽마을공원,0.13738104248132418,31362,21535,51534,19815
2022,3,골목상권,2110975,매봉역 1번,0.10723256338787725,176847,101701,254477,86717
2022,3,골목상권,2110951,신사은행나무공원,0.12014664347305613,261498,161498,405866,128764
2022,3,발달상권,2120200,학동사거리,0.09205040977516295,730297,393237,953724,297939
2022,3,발달상권,2120203,강남구청역,0.09728502130404057,890900,466248,1276455,326763
2022,3,발달상권,2120222,삼성역,0.06254637308224088,697677,257373,862414,174016
2022,3,발달상권,2120188,압구정역,0.08474830229647519,1127430,588706,1476552,452230
2022,3,발달상권,2120218,코엑스,0.05719606789033101,34712,14316,38801,13281
2022,2,발달상권,2120204,르네상스호텔사거리,0.09215370424100422,846978,386086,1184208,277146
2022,3,골목상권,2110972,강남세브란스병원미래의학연구센터,0.10847100968222755,154828,75071,236271,83077
2022,3,골목상권,2110981,국악고교사거리,0.12734008397135096,203283,133736,325781,119611
2022,4,골목상권,2110999,윗방죽마을공원,0.1365925247738044,32338,22100,53875,20397
2022,4,골목상권,2110975,매봉역 1번,0.10573116475822332,176542,99767,253647,89127
2022,4,골목상권,2110982,강남구보훈회관,0.12375706889280688,87586,53739,140581,56230
2022,4,골목상권,2110959,신구중학교,0.08676018099547511,63726,30862,82780,27720
2022,4,발달상권,2120190,강남을지병원,0.09402220643762384,834170,421399,1167817,330127
2022,4,발달상권,2120194,언주역(차병원),0.09522341337932042,969471,468473,1357627,380829
2022,4,발달상권,2120187,신논현역,0.11228363165697401,1606291,1034318,2349886,796138
2022,4,발달상권,2120199,경복아파트교차로,0.09547485896167805,296611,146387,408468,120287
2022,4,발달상권,2120206,개나리아파트,0.09644142725171576,627855,299260,869214,260900
2022,4,발달상권,2120222,삼성역,0.06082966295533166,714995,260485,878727,179296
2022,4,발달상권,2120213,삼성중앙역,0.10345452278272245,908156,481446,1307656,392493
2022,4,발달상권,2120201,도곡1동,0.1036403618960774,512511,270364,731135,236105
2022,4,골목상권,2111002,한국교통안전공단 강남자동차검사소,0.03804347826086957,1428,228,1254,402
2022,4,발달상권,2120185,논현역,0.1080213999587773,1339588,781789,1980055,586492
2022,4,발달상권,2120207,선정릉역,0.10314145750524106,895430,466998,1305681,391493
2022,4,발달상권,2120224,수서역,0.10044177925437536,105942,52605,152639,41803
2022,4,발달상권,2120202,압구정로데오역(압구정로데오),0.1067179592914528,1205533,741199,1627003,584621
2022,4,골목상권,2110972,강남세브란스병원미래의학연구센터,0.11072605404015239,152580,74690,229288,81776
2022,4,골목상권,2110951,신사은행나무공원,0.12235579992493509,251958,158501,390801,126085
2022,4,골목상권,2110989,대치동아우편취급국,0.10278157414502738,329394,183884,487815,145099
2022,4,골목상권,2110980,개포지구대옆,0.12841048798026738,287204,178300,473550,173094
2022,4,골목상권,2110952,논현목련공원,0.12274814652434672,79254,47932,128882,49027
2022,4,발달상권,2120197,역삼역,0.08077288137423935,2261163,978864,3096307,606978
2022,4,발달상권,2120193,도산공원교차로,0.08670571037341328,383719,183708,514417,134088
2022,4,발달상권,2120219,은마아파트,0.1175068106803764,488606,391395,705666,335347
2022,4,발달상권,2120217,대치사거리,0.1043727811757331,578985,351528,822381,300680
2022,4,발달상권,2120195,성수대교남단,0.10335459652951935,614664,366285,832976,292288
2022,4,발달상권,2120205,매봉역,0.0966396489434575,323210,165269,450571,124606
2022,4,전통시장,2130310,강남개포시장,0.08746855219745207,121457,64992,153033,58823
2022,4,골목상권,2110974,언주중학교,0.11454222523367151,284947,159534,445838,150408
2022,4,골목상권,2110984,포이초등학교(개포목련어린이공원),0.11730754299468148,430763,231076,740205,290155
2022,4,골목상권,2110977,논현로18길,0.11987500634393557,67419,38761,103065,34862
2022,4,골목상권,2110985,청담근린공원,0.10517206743621837,107057,56470,144729,49411
2022,4,골목상권,2110967,역삼역 8번,0.09897144617103647,303110,147473,432372,126081
2022,4,골목상권,2110996,대치2동주민센터,0.12445296499339738,364165,273197,581890,242783
2022,4,골목상권,2110995,봉은사역 4번,0.128299901880456,229160,135937,356916,137379
2022,4,발달상권,2120215,포스코사거리,0.0840749651395943,1874045,806692,2562210,581757
2022,4,발달상권,2120209,"강남구청(청담역_8번, 강남세무서)",0.09939336835662045,328884,177805,459822,143013
2022,4,발달상권,2120208,청담사거리(청담동명품거리),0.10501257765176093,809007,436417,1130256,395466
2022,4,발달상권,2120196,서울세관,0.09787678595152115,458465,225567,653620,174371
2022,4,발달상권,2120214,영동대교남단교차로,0.09215996525192355,150088,72311,198517,59342
2022,4,골목상권,2110981,국악고교사거리,0.12836621054619313,195279,129194,316906,117336
2022,4,골목상권,2110957,언북중학교,0.08997258686816169,545763,249727,770019,189740
2022,4,골목상권,2110965,언주역 6번,0.10354321188980672,467912,233541,671886,217277
2022,4,골목상권,2110949,한남IC,0.10444847634056867,191396,114608,278241,99306
2022,4,골목상권,2110963,역삼월드메르디앙아파트,0.12135409300710989,178751,104216,288390,100505
2022,4,골목상권,2110960,은광여고,0.10122350115932428,51387,25806,72934,23673
2022,4,발달상권,2120192,뱅뱅사거리,0.09755226792851218,951010,461605,1355920,341487
2022,4,발달상권,2120191,학동역,0.09501944559771111,1032996,506201,1450182,411679
2022,4,발달상권,2120216,경기고교사거리(경기고교앞사거리),0.0822079193782003,122659,52887,151873,44203
2022,4,발달상권,2120221,봉은사역,0.07849392210236966,233022,97583,295655,78322
2022,4,발달상권,2120218,코엑스,0.05603927735798397,34700,14275,39424,12718
2022,4,발달상권,2120204,르네상스호텔사거리,0.0888171082242901,839505,373808,1170849,268413
2022,4,발달상권,2120212,한티역,0.11083565796986655,535246,366697,731986,308320
2022,4,발달상권,2120211,도성초등학교,0.10149553279264692,550881,330942,750173,281233
2022,4,관광특구,1001496,강남 마이스 관광특구,0.05648955245078024,75319,30411,86997,25660
2022,4,골목상권,2110997,대청초등학교,0.13322342554083808,802557,543612,1314040,517191
2022,4,골목상권,2110992,도곡초등학교,0.13259336519095724,730937,568362,1197005,553702
2022,4,골목상권,2110983,국립국악고등학교,0.12382185785136006,200319,124809,319052,120305
2022,4,발달상권,2120200,학동사거리,0.09294318089880689,734826,399342,952151,308588
2022,4,발달상권,2120203,강남구청역,0.09584233293934276,920576,481458,1307462,349091
2022,4,발달상권,2120223,휘문고교사거리,0.06433962672203118,154718,56937,189513,41680
2022,4,발달상권,2120220,대치역,0.10987647300157201,250857,179941,344864,147498
2022,4,골목상권,2110955,논현초등학교,0.11751978446036906,1315739,759946,2034338,747516
2022,4,골목상권,2110958,역삼역 4번,0.08289190580454467,249112,112715,337395,84156
2022,4,골목상권,2110976,언북초등학교,0.11671855378994896,355613,204922,540471,205701
2022,4,골목상권,2110961,언주역 3번,0.10430954395640159,523820,262928,777931,236051
2022,4,골목상권,2110971,선정릉역 4번,0.10785358355739541,330856,170623,497775,163871
2022,4,골목상권,2110994,개포고등학교,0.11505094890642942,217390,113409,323928,118475
2022,4,발달상권,2120210,선릉역,0.09642146243195063,2815576,1440485,3974673,1029048
2022,4,발달상권,2120188,압구정역,0.08615876002005303,1120683,605067,1463587,471283
2022,4,발달상권,2120186,가로수길,0.10161321825080705,1205405,754119,1691703,586662
2022,4,발달상권,2120198,구역삼세무서,0.10731109503989009,995077,522280,1494327,438737
